{
	"IcoMoonType": "selection",
	"icons": [
		{
			"icon": {
				"paths": [
					"M960.004 288.006l-223.998-223.998 64-64 223.998 223.998zM896 352l-32 352c-288 0-704 320-704 320l-53.13-53.13 273.664-273.664c10.974 4.368 22.934 6.794 35.466 6.794 53.020 0 96-42.98 96-96 0-53.020-42.98-96-96-96-53.020 0-96 42.98-96 96 0 12.532 2.426 24.49 6.794 35.466l-273.664 273.664-53.13-53.13c0 0 320-416 320-704l352-32 224 224z"
				],
				"tags": [
					"pen",
					"blog",
					"write",
					"edit",
					"note"
				],
				"grid": 16
			},
			"properties": {
				"order": 1,
				"id": 9,
				"prevSize": 32,
				"code": 58880,
				"name": "pen",
				"ligatures": ""
			}
		},
		{
			"icon": {
				"paths": [
					"M1024 397.050l-353.78-51.408-158.22-320.582-158.216 320.582-353.784 51.408 256 249.538-60.432 352.352 316.432-166.358 316.432 166.358-60.434-352.352 256.002-249.538z"
				],
				"tags": [
					"star",
					"rate",
					"favorite",
					"bookmark"
				],
				"grid": 16
			},
			"properties": {
				"order": 2,
				"id": 209,
				"prevSize": 32,
				"code": 58881,
				"name": "star",
				"ligatures": ""
			}
		},
		{
			"icon": {
				"paths": [
					"M928 576c73 0 32 192-32 192 32 0 0 160-64 160 0 64-64 96-128 96-270.352 0-175.264-67.65-448-96v-512c240.922-72.268 480-253.424 480-416 53 0 192 64 0 384 0 0 160 0 192 0 96 0 64 192 0 192zM192 416v512h64v32h-128c-35.2 0-64-43.2-64-96v-384c0-52.8 28.8-96 64-96h128v32h-64z"
				],
				"tags": [
					"thumbs-up",
					"up",
					"like",
					"rate",
					"vote up"
				],
				"grid": 16
			},
			"properties": {
				"order": 3,
				"id": 213,
				"prevSize": 32,
				"code": 58882,
				"name": "thumbs-up",
				"ligatures": ""
			}
		},
		{
			"icon": {
				"paths": [
					"M96 448c-73 0-32-192 32-192-32 0 0-160 64-160 0-64 64-96 128-96 270.352 0 175.264 67.65 448 96v512c-240.922 72.268-480 253.424-480 416-53 0-192-64 0-384 0 0-160 0-192 0-96 0-64-192 0-192zM832 608v-512h-64v-32h128c35.2 0 64 43.2 64 96v384c0 52.8-28.8 96-64 96h-128v-32h64z"
				],
				"tags": [
					"thumbs-up",
					"up",
					"like",
					"rate",
					"vote down"
				],
				"grid": 16
			},
			"properties": {
				"order": 4,
				"id": 214,
				"prevSize": 32,
				"code": 58883,
				"name": "thumbs-up2",
				"ligatures": ""
			}
		},
		{
			"icon": {
				"paths": [
					"M747.52 307.251l-471.040-0.051 235.52 409.6z"
				],
				"tags": [
					"arrow-down",
					"triangle",
					"down",
					"bottom"
				],
				"grid": 20
			},
			"properties": {
				"order": 5,
				"id": 203,
				"prevSize": 20,
				"code": 58884,
				"name": "arrow-down",
				"ligatures": ""
			}
		}
	],
	"height": 1024,
	"metadata": {},
	"preferences": {
		"fontPref": {
			"prefix": "icon-",
			"metadata": {},
			"showGlyphs": true,
			"metrics": {
				"emSize": 1024,
				"baseline": 6.25,
				"whitespace": 50
			},
			"resetPoint": 58880,
			"showQuickUse": true,
			"quickUsageToken": false,
			"showMetrics": true,
			"showMetadata": false
		},
		"imagePref": {
			"color": 0,
			"height": 32,
			"columns": 16,
			"margin": 16,
			"png": false,
			"sprites": true
		},
		"historySize": 100,
		"showCodes": true,
		"gridSize": 16,
		"showLiga": false,
		"showGrid": true,
		"showGlyphs": true,
		"showQuickUse": true
	}
}